,Moves,Lethal,Wounds,Special
Animorph #1,5,0,2,
Animorph #2,3,0,2,
Animorph #3,1,0,1,
Animorph #4,3,0,2,
Animorph #5,3,0,1,
Controller #1,6,0,2,
Controller #2,7,0,2,
Controller #3,8,0,2,
Controller #4,10,1,2,Combat specialist
Controller #5,50,0,20,Android
Bystander #1,7,0,2,
Bystander #2,6,0,2,
Bystander #3,6,0,2,
Bystander #4,10,1,2,Military Training
Bystander #5,6,0,2,
Essnar 986,5,0,2,
Andalite,12,1,3,"Tail blade, Stalk eyes"
Hork-Bajir,12,1,3,Blades
Dog,6,1,2,Teeth
House cat,8,0,1,Claws
Pigeon,7,0,1,
"Raccoon, opossum, etc.",6,0,1,
Fox,7,0,1,Teeth
Bobcat,9,1,2,Claws/teeth
Wolf,9,1,2,Teeth
Black bear,11,1,4,Claws/teeth
Mountain lion,12,1,3,Claws/teeth
Coyote,7,1,2,Teeth
Large raptor,7,1,1,"Claws, Flight"
Small raptor,8,0,1,"Claws, Flight"
Snake,8,0,1,"Strike, Venom"
Lizard,7,0,1,
Small bird,9,0,1,Flight
Wild boar,10,1,4,Tusks
Mule deer,10,1,4,Antlers
Elk,10,1,5,Antlers
Bighorn sheep,9,1,4,Horns
Condor,7,0,2,Flight
Banana slug,1,0,1,Adhere
Striped skunk,5,0,1,Spray
Squirrel,8,0,1,Teeth