,Moves,Lethal,Wounds,Special
Animorph #1,5,0,2,
Animorph #2,3,0,2,
Animorph #3,1,0,1,
Animorph #4,3,0,2,
Animorph #5,3,0,1,
Controller #1,6,0,2,
Controller #2,7,0,2,
Controller #3,8,0,2,
Controller #4,10,1,2,Combat specialist
Controller #5,50,0,20,Android
Bystander #1,7,0,2,
Bystander #2,6,0,2,
Bystander #3,6,0,2,
Bystander #4,10,1,2,Military Training
Bystander #5,6,0,2,
Essnar 986,5,0,2,
Andalite,12,1,3,"Tail blade, Stalk eyes"
Hork-Bajir,12,1,3,Blades
Yellow lab,5,0,2,Teeth
German shepherd,6,1,2,Teeth
Cat,3,0,1,Claws
Pigeon,3,0,1,
Beaver,4,0,1,Swim
Fox,5,0,1,Teeth
Wildcat,8,1,2,Claws/teeth
Wolf,11,1,2,Teeth
Large raptor,11,1,1,"Claws, Flight"
Small raptor,13,0,1,"Claws, Flight"
Adder,7,0,1,"Strike, Venom"
Lizard,1,0,1,
Small bird,13,0,1,Flight
Wild boar,9,1,4,Tusks
Red deer,13,1,5,Antlers
Badger,6,0,1,
Squirrel,2,0,1,Teeth
Cobra,9,1,1,"Strike, Venom"
Turtle,2,0,1,
Djabala,3,0,1,
Kafit bird,11,1,1,"Claws, Flight"